<?xml version="1.0" encoding="UTF-8"?>
<!DOCTYPE hibernate-mapping PUBLIC "-//Hibernate/Hibernate Mapping DTD//EN" "http://hibernate.sourceforge.net/hibernate-mapping-3.0.dtd">

<hibernate-mapping> 
  <typedef name="StatusCode" class="org.fornax.cartridges.sculptor.framework.accessimpl.GenericEnumUserType"> 
    <param name="enumClass">org.sculptor.dddsample.cargo.domain.StatusCode</param> 
  </typedef>  
  <typedef name="Type" class="org.fornax.cartridges.sculptor.framework.accessimpl.GenericEnumUserType"> 
    <param name="enumClass">org.sculptor.dddsample.cargo.domain.Type</param> 
  </typedef> 
</hibernate-mapping>
