<?xml version="1.0" encoding="UTF-8"?>

<beans xmlns="http://www.springframework.org/schema/beans" xmlns:aop="http://www.springframework.org/schema/aop" xmlns:tx="http://www.springframework.org/schema/tx" xmlns:jee="http://www.springframework.org/schema/jee" xmlns:context="http://www.springframework.org/schema/context" xmlns:xsi="http://www.w3.org/2001/XMLSchema-instance" xsi:schemaLocation="   http://www.springframework.org/schema/beans   http://www.springframework.org/schema/beans/spring-beans-2.5.xsd   http://www.springframework.org/schema/context   http://www.springframework.org/schema/context/spring-context-2.5.xsd   http://www.springframework.org/schema/aop   http://www.springframework.org/schema/aop/spring-aop-2.5.xsd   http://www.springframework.org/schema/jee   http://www.springframework.org/schema/jee/spring-jee-2.5.xsd   http://www.springframework.org/schema/tx   http://www.springframework.org/schema/tx/spring-tx-2.5.xsd">  
  <!-- activates annotation-based bean configuration -->  
  <context:annotation-config/>  
  <!-- scans for @Components, @Repositories, @Services, ... -->  
  <context:component-scan base-package="org.sculptor.dddsample"/>  
  <bean id="springPropertyConfig" class="org.springframework.beans.factory.config.PropertyPlaceholderConfigurer"> 
    <property name="locations"> 
      <list> 
        <value>classpath:generated-spring.properties</value>  
        <value>classpath:spring.properties</value> 
      </list> 
    </property> 
  </bean>  
  <!-- import additional spring configuration files -->  
  <import resource="classpath:/EntityManagerFactory.xml"/>  
  <import resource="classpath:/Interceptor.xml"/>  
  <import resource="classpath:/more.xml"/> 
</beans>
