<?xml version="1.0" encoding="UTF-8"?>

<beans xmlns="http://www.springframework.org/schema/beans" xmlns:aop="http://www.springframework.org/schema/aop" xmlns:tx="http://www.springframework.org/schema/tx" xmlns:jee="http://www.springframework.org/schema/jee" xmlns:context="http://www.springframework.org/schema/context" xmlns:xsi="http://www.w3.org/2001/XMLSchema-instance" xsi:schemaLocation="   http://www.springframework.org/schema/beans   http://www.springframework.org/schema/beans/spring-beans-2.5.xsd   http://www.springframework.org/schema/context   http://www.springframework.org/schema/context/spring-context-2.5.xsd   http://www.springframework.org/schema/aop   http://www.springframework.org/schema/aop/spring-aop-2.5.xsd   http://www.springframework.org/schema/jee   http://www.springframework.org/schema/jee/spring-jee-2.5.xsd   http://www.springframework.org/schema/tx   http://www.springframework.org/schema/tx/spring-tx-2.5.xsd">  
  <bean id="jpaInterceptorFlushEager" class="org.springframework.orm.jpa.JpaInterceptor"> 
    <property name="entityManagerFactory" ref="entityManagerFactory"/>  
    <!-- Need to flush to detect OptimisticLockingException and do proper rollback. -->  
    <property name="flushEager" value="true"/> 
  </bean>  
  <bean id="errorHandlingAdvice" class="org.fornax.cartridges.sculptor.framework.errorhandling.ErrorHandlingAdvice"></bean>  
  <bean id="serviceContextStoreAdvice" class="org.fornax.cartridges.sculptor.framework.errorhandling.ServiceContextStoreAdvice"></bean>  
  <tx:advice id="txAdvice" transaction-manager="txManager"> 
    <tx:attributes> 
      <!-- all methods starting with 'get' or 'find' are read-only -->  
      <tx:method name="get*" read-only="true"/>  
      <tx:method name="find*" read-only="true"/>  
      <!-- all other methods are transactional and ApplicationException will cause rollback -->  
      <tx:method name="*" read-only="false" rollback-for="org.fornax.cartridges.sculptor.framework.errorhandling.ApplicationException"/> 
    </tx:attributes> 
  </tx:advice>  
  <aop:config> 
    <aop:pointcut id="businessService" expression="execution(public * org.sculptor.dddsample..serviceapi.*.*(..))"/>  
    <aop:pointcut id="readOnlyBusinessService" expression="execution(public * org.sculptor.dddsample..serviceapi.*.get*(..)) or execution(public * org.sculptor.dddsample..serviceapi.*.find*(..))"/>  
    <!-- Repeating the expression, since I can't find a way to refer to the other pointcuts. -->  
    <aop:pointcut id="updatingBusinessService" expression="execution(public * org.sculptor.dddsample..serviceapi.*.*(..)) and not (execution(public * org.sculptor.dddsample..serviceapi.*.get*(..)) or execution(public * org.sculptor.dddsample..serviceapi.*.find*(..)))"/>  
    <aop:advisor pointcut-ref="businessService" advice-ref="txAdvice" order="1"/>  
    <aop:advisor pointcut-ref="businessService" advice-ref="serviceContextStoreAdvice" order="2"/>  
    <aop:advisor pointcut-ref="businessService" advice-ref="errorHandlingAdvice" order="3"/>  
    <aop:advisor pointcut-ref="updatingBusinessService" advice-ref="jpaInterceptorFlushEager" order="4"/> 
  </aop:config> 
</beans>
